ID,Family,Normative Text,Primary verification method,Lifecycle status,Introduced in,Changed in,Parent ID,Refines,Supersedes,Superseded by,Semantic delta,Default applicability,Edition,Build ID,Canonical source
AERA-ACTOR-001,ACTOR,"Each actor SHALL have workload identity, owner, role, competency basis, configuration, tool/data rights, consequence ceiling, lifecycle state, and retirement/suspension.","I, T",PROPOSED,1.1 RC1 or earlier - lineage pending,,,,,,,UNDETERMINED - claim-specific profile matrix required,1.2 WD,AERA-001-1.2WD-20260807.1,Authoritative PDF Appendix A; generated from controlled source
AERA-ACTOR-002,ACTOR,"Before consequential proposal/effect, the implementation SHALL verify actor identity and consequence-material model, context, orchestration, tool, and runtime integrity against approved or declared degraded state.","I, T",PROPOSED,1.1 RC1 or earlier - lineage pending,,,,,,,UNDETERMINED - claim-specific profile matrix required,1.2 WD,AERA-001-1.2WD-20260807.1,Authoritative PDF Appendix A; generated from controlled source
AERA-ACTOR-003,ACTOR,"Actors SHALL NOT subdelegate unless expressly permitted; permitted subdelegation SHALL preserve constraints/attribution and SHALL NOT increase scope, consequence, duration, tools, targets, or data rights.","A, T",PROPOSED,1.1 RC1 or earlier - lineage pending,,,,,,,UNDETERMINED - claim-specific profile matrix required,1.2 WD,AERA-001-1.2WD-20260807.1,Authoritative PDF Appendix A; generated from controlled source
AERA-AUTH-001,AUTH,"Every material autonomous action SHALL resolve at authorization time to a current, attributable, revocable delegation from an accountable grantor.","I, T, D",PROPOSED,1.1 RC1 or earlier - lineage pending,,,,,,,UNDETERMINED - claim-specific profile matrix required,1.2 WD,AERA-001-1.2WD-20260807.1,Authoritative PDF Appendix A; generated from controlled source
AERA-AUTH-002,AUTH,"A delegation SHALL state grantor, grantee, permitted decisions/effects, target/domain, context, prohibitions, consequence ceiling, validity, evidence, subdelegation, escalation, and revocation.","I, T",PROPOSED,1.1 RC1 or earlier - lineage pending,,,,,,,UNDETERMINED - claim-specific profile matrix required,1.2 WD,AERA-001-1.2WD-20260807.1,Authoritative PDF Appendix A; generated from controlled source
AERA-AUTH-003,AUTH,"Revoking delegation, identity, policy, or actor SHALL invalidate and propagate withdrawal to all unexecuted derived authorizations within a declared consequence-specific bound.","A, T",PROPOSED,1.1 RC1 or earlier - lineage pending,,,,,,,UNDETERMINED - claim-specific profile matrix required,1.2 WD,AERA-001-1.2WD-20260807.1,Authoritative PDF Appendix A; generated from controlled source
AERA-AUTH-101,AUTH,"Every autonomous material effect SHALL resolve to a current, attributable, revocable delegation rooted in an accountable authority.","I, A, T",PROPOSED,1.1 RC1 or earlier - lineage pending,,,,,,,UNDETERMINED - claim-specific profile matrix required,1.2 WD,AERA-001-1.2WD-20260807.1,Authoritative PDF Appendix A; generated from controlled source
AERA-AUTH-102,AUTH,"Possession of credentials, resource access, network reachability, tool availability, model registration, or prior approval SHALL NOT be treated as decision authority.","I, T",PROPOSED,1.1 RC1 or earlier - lineage pending,,,,,,,UNDETERMINED - claim-specific profile matrix required,1.2 WD,AERA-001-1.2WD-20260807.1,Authoritative PDF Appendix A; generated from controlled source
AERA-AUTH-103,AUTH,"A delegation SHALL state subject, issuer, permitted actions, targets, purposes, effects, boundaries, consequence ceiling, validity, predicates, prohibitions, and revocation semantics.",I,PROPOSED,1.1 RC1 or earlier - lineage pending,,,,,,,UNDETERMINED - claim-specific profile matrix required,1.2 WD,AERA-001-1.2WD-20260807.1,Authoritative PDF Appendix A; generated from controlled source
AERA-AUTH-104,AUTH,Subdelegation SHALL be prohibited unless every applicable parent grant explicitly permits it.,"I, T",PROPOSED,1.1 RC1 or earlier - lineage pending,,,,,,,UNDETERMINED - claim-specific profile matrix required,1.2 WD,AERA-001-1.2WD-20260807.1,Authoritative PDF Appendix A; generated from controlled source
AERA-AUTH-105,AUTH,"A child grant SHALL NOT expand the scope, duration, use, resource, consequence, oversight, evidence, enforcement, or recovery authority of its effective parent chain.","A, T",PROPOSED,1.1 RC1 or earlier - lineage pending,,,,,,,UNDETERMINED - claim-specific profile matrix required,1.2 WD,AERA-001-1.2WD-20260807.1,Authoritative PDF Appendix A; generated from controlled source
AERA-AUTH-106,AUTH,Expiration or revocation of a parent grant SHALL invalidate dependent grants within the maximum propagation time defined by policy.,"I, T",PROPOSED,1.1 RC1 or earlier - lineage pending,,,,,,,UNDETERMINED - claim-specific profile matrix required,1.2 WD,AERA-001-1.2WD-20260807.1,Authoritative PDF Appendix A; generated from controlled source
AERA-AUTH-107,AUTH,"The DAF SHALL validate the complete effective delegation chain, including issuer authority, integrity, revocation, attenuation, and applicable prohibitions.","I, A, T",PROPOSED,1.1 RC1 or earlier - lineage pending,,,,,,,UNDETERMINED - claim-specific profile matrix required,1.2 WD,AERA-001-1.2WD-20260807.1,Authoritative PDF Appendix A; generated from controlled source
AERA-AUTH-108,AUTH,An applicable explicit deny or higher-precedence prohibition SHALL prevail over a lower-precedence allow.,"I, T",PROPOSED,1.1 RC1 or earlier - lineage pending,,,,,,,UNDETERMINED - claim-specific profile matrix required,1.2 WD,AERA-001-1.2WD-20260807.1,Authoritative PDF Appendix A; generated from controlled source
AERA-AUTH-109,AUTH,"Emergency authority SHALL be purpose-limited, time-bounded, attributable, auditable, and unable to override constraints that the issuer lacks authority to modify.","I, A, T",PROPOSED,1.1 RC1 or earlier - lineage pending,,,,,,,UNDETERMINED - claim-specific profile matrix required,1.2 WD,AERA-001-1.2WD-20260807.1,Authoritative PDF Appendix A; generated from controlled source
AERA-AUTH-110,AUTH,"A disconnected-operation grant SHALL define duration, decision scope, consequence ceiling, local evidence and time requirements, reconciliation, and behavior when any bound is exceeded.","I, A, T",PROPOSED,1.1 RC1 or earlier - lineage pending,,,,,,,UNDETERMINED - claim-specific profile matrix required,1.2 WD,AERA-001-1.2WD-20260807.1,Authoritative PDF Appendix A; generated from controlled source
AERA-CONF-001,CONF,"A formal conformance claim SHALL identify the AERA version, profile, claimant, subject, decision population, architectural and operational boundaries, consequence scope, dependencies, inherited controls, exclusions, assessment-independence level, evidence-package identifier and assessment date, deviations, and date-based and event-based expiration conditions.","I, A",PROPOSED,1.1 RC1 or earlier - lineage pending,,,,,,,UNDETERMINED - claim-specific profile matrix required,1.2 WD,AERA-001-1.2WD-20260807.1,Authoritative PDF Appendix A; generated from controlled source
AERA-CONF-002,CONF,"For every requirement in the declared core and profile set, the claimant SHALL record applicability as APPLICABLE or NOT APPLICABLE separately from the assessment result; an APPLICABLE item SHALL be assessed SATISFIED, NOT SATISFIED, INDETERMINATE, or APPROVED DEVIATION, while a NOT APPLICABLE item SHALL identify rationale, evidence, approving authority, and invalidating conditions and SHALL NOT carry a satisfaction result.","I, A",PROPOSED,1.1 RC1 or earlier - lineage pending,1.2 WD,,,,,"Separated applicability from assessment result and added rationale, approval and invalidation metadata.",UNDETERMINED - claim-specific profile matrix required,1.2 WD,AERA-001-1.2WD-20260807.1,Authoritative PDF Appendix A; generated from controlled source
AERA-CONF-003,CONF,"For each consequence-material capability, source, or control cited by an operational claim, the claimant SHALL identify the typed state model, report the highest evidenced control-deployment state as PRESENT, MONITORED, ACTIVE IN PATH, USED IN COMPUTATION, or VALIDATED EFFECTIVE, and SHALL NOT represent a lower state or a state from another model as establishing a higher state.","I, T, D",PROPOSED,1.1 RC1 or earlier - lineage pending,1.2 WD,,,,,Typed the general control-deployment state model and prohibited promotion of a lower evidenced state.,UNDETERMINED - claim-specific profile matrix required,1.2 WD,AERA-001-1.2WD-20260807.1,Authoritative PDF Appendix A; generated from controlled source
AERA-CONF-004,CONF,"Each deviation SHALL identify the unmet requirement, rationale, affected decision population and consequence class, compensating controls, residual risk, approving authority, monitoring, corrective action, expiration date, and event-based termination conditions.","I, A",PROPOSED,1.1 RC1 or earlier - lineage pending,,,,,,,UNDETERMINED - claim-specific profile matrix required,1.2 WD,AERA-001-1.2WD-20260807.1,Authoritative PDF Appendix A; generated from controlled source
AERA-CONF-005,CONF,A claim with an active approved deviation SHALL be labeled CONDITIONALLY CONFORMING.,"I, A, T and/or D as consequence requires",PROPOSED,1.1 RC1 or earlier - lineage pending,,,,,,,UNDETERMINED - claim-specific profile matrix required,1.2 WD,AERA-001-1.2WD-20260807.1,Authoritative PDF Appendix A; generated from controlled source
AERA-CONF-006,CONF,An expired or unapproved deviation SHALL make the affected claim nonconforming.,"I, A, T and/or D as consequence requires",PROPOSED,1.1 RC1 or earlier - lineage pending,,,,,,,UNDETERMINED - claim-specific profile matrix required,1.2 WD,AERA-001-1.2WD-20260807.1,Authoritative PDF Appendix A; generated from controlled source
AERA-CONF-007,CONF,Inherited controls SHALL be validated at the relying boundary and monitored for withdrawal conditions.,"I, A, T and/or D as consequence requires",PROPOSED,1.1 RC1 or earlier - lineage pending,,,,,,,UNDETERMINED - claim-specific profile matrix required,1.2 WD,AERA-001-1.2WD-20260807.1,Authoritative PDF Appendix A; generated from controlled source
AERA-CONF-008,CONF,Material change SHALL suspend reliance on affected evidence until reassessment is complete.,"I, A, T and/or D as consequence requires",PROPOSED,1.1 RC1 or earlier - lineage pending,,,,,,,UNDETERMINED - claim-specific profile matrix required,1.2 WD,AERA-001-1.2WD-20260807.1,Authoritative PDF Appendix A; generated from controlled source
AERA-CONF-009,CONF,"Assessment independence SHALL be reported separately as self, independent internal or external assessment.","I, A, T and/or D as consequence requires",PROPOSED,1.1 RC1 or earlier - lineage pending,,,,,,,UNDETERMINED - claim-specific profile matrix required,1.2 WD,AERA-001-1.2WD-20260807.1,Authoritative PDF Appendix A; generated from controlled source
AERA-CONF-010,CONF,"AERA-aligned SHALL NOT be presented as equivalent to conforming, certified or compliant.","I, A, T and/or D as consequence requires",PROPOSED,1.1 RC1 or earlier - lineage pending,,,,,,,UNDETERMINED - claim-specific profile matrix required,1.2 WD,AERA-001-1.2WD-20260807.1,Authoritative PDF Appendix A; generated from controlled source
AERA-CONS-101,CONS,"Each decision class SHALL use a documented consequence-classification method that addresses severity, affected scope, reversibility, time to harm, propagation, detectability, cumulative effects, mission significance, legal, rights, and safety significance, recovery time and resources, and uncertainty.","I, A",PROPOSED,1.1 RC1 or earlier - lineage pending,,,,,,,UNDETERMINED - claim-specific profile matrix required,1.2 WD,AERA-001-1.2WD-20260807.1,Authoritative PDF Appendix A; generated from controlled source
AERA-CONS-102,CONS,"Consequence classification SHALL use the highest class indicated by the worst credible direct, secondary, cumulative, propagated, or irreversible effect within the declared operating and threat context.","A, T",PROPOSED,1.1 RC1 or earlier - lineage pending,,,,,,,UNDETERMINED - claim-specific profile matrix required,1.2 WD,AERA-001-1.2WD-20260807.1,Authoritative PDF Appendix A; generated from controlled source
AERA-CONS-103,CONS,A consequence attribute that establishes a higher minimum class SHALL NOT be reduced by averaging or offsetting it against lower-consequence attributes.,"I, A, T",PROPOSED,1.1 RC1 or earlier - lineage pending,,,,,,,UNDETERMINED - claim-specific profile matrix required,1.2 WD,AERA-001-1.2WD-20260807.1,Authoritative PDF Appendix A; generated from controlled source
AERA-CONS-104,CONS,"The DAF SHALL re-evaluate consequence before further authorization when a sequence, batch, concurrent set, campaign, or portfolio can exceed an individual-action limit or alter the worst credible effect.","A, T",PROPOSED,1.1 RC1 or earlier - lineage pending,,,,,,,UNDETERMINED - claim-specific profile matrix required,1.2 WD,AERA-001-1.2WD-20260807.1,Authoritative PDF Appendix A; generated from controlled source
AERA-CONS-105,CONS,"When available evidence supports more than one consequence class, classification SHALL use the highest applicable class until evidence supports a narrower class and the downgrade is approved by an authority independent of the proposer.","I, A, T",PROPOSED,1.1 RC1 or earlier - lineage pending,,,,,,,UNDETERMINED - claim-specific profile matrix required,1.2 WD,AERA-001-1.2WD-20260807.1,Authoritative PDF Appendix A; generated from controlled source
AERA-CONS-106,CONS,"When concurrent transactions share a cumulative effect or resource limit, the DAF and enforcement path SHALL use bounded reservations or an equivalent atomic control that prevents aggregate authorized or executed effects from exceeding the limit.","A, T",PROPOSED,1.1 RC1 or earlier - lineage pending,,,,,,,UNDETERMINED - claim-specific profile matrix required,1.2 WD,AERA-001-1.2WD-20260807.1,Authoritative PDF Appendix A; generated from controlled source
AERA-CY-001,CY,"Credentials used on a material-effect path SHALL be scoped, to the extent supported, to the authorized actor, audience, action, target, context, and validity interval; where native credential scoping is insufficient, the enforcement point SHALL enforce equivalent restrictions.","I, T",PROPOSED,1.1 RC1 or earlier - lineage pending,,,,,,,UNDETERMINED - claim-specific profile matrix required,1.2 WD,AERA-001-1.2WD-20260807.1,Authoritative PDF Appendix A; generated from controlled source
AERA-CY-002,CY,"Each material effect SHALL pass through an enforcement point that is independently controllable from the proposer and capable of mediating the exact authorized actor, action, target, parameters, and context before the effect becomes irreversible or exits the recovery envelope.","A, T",PROPOSED,1.1 RC1 or earlier - lineage pending,,,,,,,UNDETERMINED - claim-specific profile matrix required,1.2 WD,AERA-001-1.2WD-20260807.1,Authoritative PDF Appendix A; generated from controlled source
AERA-CY-003,CY,"For each material decision transaction, the implementation SHALL retain a tamper-evident record sufficient to reconstruct the causal chain from intent and authority through actor and configuration, proposal, evidence and provenance, policy and assurance verdicts, disposition, credential use, enforcement, observed effect, override, exception, and recovery.","I, T, D",PROPOSED,1.1 RC1 or earlier - lineage pending,,,,,,,UNDETERMINED - claim-specific profile matrix required,1.2 WD,AERA-001-1.2WD-20260807.1,Authoritative PDF Appendix A; generated from controlled source
AERA-CY-004,CY,"Cryptographic migration SHALL be driven by inventory, exposure period and interoperability evidence.","I, A, T and/or D as consequence requires",PROPOSED,1.1 RC1 or earlier - lineage pending,,,,,,,UNDETERMINED - claim-specific profile matrix required,1.2 WD,AERA-001-1.2WD-20260807.1,Authoritative PDF Appendix A; generated from controlled source
AERA-DA-001,DA,"Each decision class SHALL identify an accountable human authority who owns the delegation policy, approves residual risk, and remains answerable for autonomous outcomes.",Approved responsibility assignment; decision-class register; sampled interviews and authorization records.,PROPOSED,1.1 RC1 or earlier - lineage pending,,,,,,,UNDETERMINED - claim-specific profile matrix required,1.2 WD,AERA-001-1.2WD-20260807.1,Authoritative PDF Appendix A; generated from controlled source
AERA-DA-002,DA,"Every delegation SHALL identify the grantor, grantee, decision class, allowed effects, prohibited effects, target scope, consequence ceiling, context predicates, validity interval, subdelegation permission, and revocation method.",Machine-readable schema; validation tests; positive and negative delegation cases.,PROPOSED,1.1 RC1 or earlier - lineage pending,,,,,,,UNDETERMINED - claim-specific profile matrix required,1.2 WD,AERA-001-1.2WD-20260807.1,Authoritative PDF Appendix A; generated from controlled source
AERA-DA-003,DA,"Before authorization, the implementation SHALL validate the complete delegation chain to an approved trust anchor and SHALL NOT accept a missing, reordered, ambiguous, or unauthorized parent grant.",Chain-validation logs; malformed-chain tests; trust-anchor inventory.,PROPOSED,1.1 RC1 or earlier - lineage pending,,,,,,,UNDETERMINED - claim-specific profile matrix required,1.2 WD,AERA-001-1.2WD-20260807.1,Authoritative PDF Appendix A; generated from controlled source
AERA-DA-004,DA,"Subdelegation SHALL be denied unless the parent grant explicitly permits it and the derived grant is no broader in effect, consequence, duration, target, tool, or context.",Derived-grant comparison tests; transitive audit records; denied escalation cases.,PROPOSED,1.1 RC1 or earlier - lineage pending,,,,,,,UNDETERMINED - claim-specific profile matrix required,1.2 WD,AERA-001-1.2WD-20260807.1,Authoritative PDF Appendix A; generated from controlled source
AERA-DA-005,DA,"Revocation, expiry, actor-integrity loss, and material context change SHALL invalidate dependent authorization state within a documented maximum propagation time; stale state SHALL NOT authorize a new effect.",Revocation latency measurement; partition tests; cache-behavior evidence.,PROPOSED,1.1 RC1 or earlier - lineage pending,,,,,,,UNDETERMINED - claim-specific profile matrix required,1.2 WD,AERA-001-1.2WD-20260807.1,Authoritative PDF Appendix A; generated from controlled source
AERA-DA-006,DA,"The capability to grant authority, propose an action, classify consequence, authorize, enforce, and approve an override SHALL be separated according to consequence, and incompatible combinations SHALL require documented compensating controls.",Role matrix; policy tests; override review; compensating-control approval.,PROPOSED,1.1 RC1 or earlier - lineage pending,,,,,,,UNDETERMINED - claim-specific profile matrix required,1.2 WD,AERA-001-1.2WD-20260807.1,Authoritative PDF Appendix A; generated from controlled source
AERA-DA-007,DA,"Each non-human actor SHALL use a workload identity bound to its owner, role, model or software version, runtime integrity state, allowed tools, and consequence ceiling; a human account SHALL NOT be reused as the actor identity.",Workload identity records; attestation or equivalent integrity evidence; credential-use logs.,PROPOSED,1.1 RC1 or earlier - lineage pending,,,,,,,UNDETERMINED - claim-specific profile matrix required,1.2 WD,AERA-001-1.2WD-20260807.1,Authoritative PDF Appendix A; generated from controlled source
AERA-DA-008,DA,"Operational intent SHALL be attributable, versioned, integrity-protected, and machine-testable, and shall state objectives, priorities, constraints, measures of success, prohibited outcomes, and review or expiry conditions.",Signed intent object; conformance tests; change history.,PROPOSED,1.1 RC1 or earlier - lineage pending,,,,,,,UNDETERMINED - claim-specific profile matrix required,1.2 WD,AERA-001-1.2WD-20260807.1,Authoritative PDF Appendix A; generated from controlled source
AERA-DA-009,DA,"Intent and policy conflict-resolution rules SHALL define precedence, tie-breaking authority, and fail-safe behavior; unresolved conflict SHALL NOT be converted to permission by implementation order.",Conflict corpus; deterministic evaluation results; approved precedence specification.,PROPOSED,1.1 RC1 or earlier - lineage pending,,,,,,,UNDETERMINED - claim-specific profile matrix required,1.2 WD,AERA-001-1.2WD-20260807.1,Authoritative PDF Appendix A; generated from controlled source
AERA-DA-010,DA,"Every assurance disposition SHALL record the exact policy bundle, policy version, material policy inputs, and evaluator version used; unapproved rollback to an earlier policy SHALL be rejected.",Disposition records; signed policy inventory; rollback and downgrade tests.,PROPOSED,1.1 RC1 or earlier - lineage pending,,,,,,,UNDETERMINED - claim-specific profile matrix required,1.2 WD,AERA-001-1.2WD-20260807.1,Authoritative PDF Appendix A; generated from controlled source
AERA-DA-011,DA,"Consequence classification SHALL account for severity, scope, reversibility, time to harm, propagation, cumulative effects, legal or safety significance, and recovery time; the proposer SHALL NOT be the sole approver of a downgrade.",Classification rubric; inter-rater tests; downgrade approvals; boundary cases.,PROPOSED,1.1 RC1 or earlier - lineage pending,,,,,,,UNDETERMINED - claim-specific profile matrix required,1.2 WD,AERA-001-1.2WD-20260807.1,Authoritative PDF Appendix A; generated from controlled source
AERA-DA-012,DA,"The proposal evaluated by the Decision Assurance Fabric SHALL be canonically represented and cryptographically bound to actor, target, parameters, tool, sequence, evidence manifest, context, and expiration; any material mutation SHALL require reauthorization.",Canonicalization specification; digest comparison; mutation and replay tests.,PROPOSED,1.1 RC1 or earlier - lineage pending,,,,,,,UNDETERMINED - claim-specific profile matrix required,1.2 WD,AERA-001-1.2WD-20260807.1,Authoritative PDF Appendix A; generated from controlled source
AERA-DA-013,DA,"Decision evidence SHALL carry source identity, acquisition method, acquisition time, transformation lineage, integrity state, uncertainty, freshness, applicable domain, and retention reference.",Evidence manifest; schema validation; lineage reconstruction.,PROPOSED,1.1 RC1 or earlier - lineage pending,,,,,,,UNDETERMINED - claim-specific profile matrix required,1.2 WD,AERA-001-1.2WD-20260807.1,Authoritative PDF Appendix A; generated from controlled source
AERA-DA-014,DA,"When independent evidence is required, the implementation SHALL evaluate common sensor, data, model, provider, clock, network, power, and control-plane dependencies; correlated sources SHALL NOT be counted as independent without justification.",Failure-domain model; dependency graph; common-mode fault-injection results.,PROPOSED,1.1 RC1 or earlier - lineage pending,,,,,,,UNDETERMINED - claim-specific profile matrix required,1.2 WD,AERA-001-1.2WD-20260807.1,Authoritative PDF Appendix A; generated from controlled source
AERA-DA-015,DA,Evidence source identity and integrity SHALL be verified before evidence contributes to authorization; unverifiable evidence SHALL be excluded or explicitly treated as untrusted by policy.,Source-authentication records; forged-source tests; exclusion behavior.,PROPOSED,1.1 RC1 or earlier - lineage pending,,,,,,,UNDETERMINED - claim-specific profile matrix required,1.2 WD,AERA-001-1.2WD-20260807.1,Authoritative PDF Appendix A; generated from controlled source
AERA-DA-016,DA,"Decision policy SHALL define how contradictory, missing, ambiguous, and out-of-distribution evidence changes the disposition; a scalar confidence value SHALL NOT conceal a failed mandatory evidence condition.",Contradiction test set; policy traces; mandatory-condition tests.,PROPOSED,1.1 RC1 or earlier - lineage pending,,,,,,,UNDETERMINED - claim-specific profile matrix required,1.2 WD,AERA-001-1.2WD-20260807.1,Authoritative PDF Appendix A; generated from controlled source
AERA-DA-017,DA,"Each evidence type SHALL have a decision-class-specific freshness and latency tolerance; evidence outside tolerance SHALL cause defer, escalation, constraint, simulation, or denial as specified by policy.",Freshness thresholds; delayed-evidence tests; expiry records.,PROPOSED,1.1 RC1 or earlier - lineage pending,,,,,,,UNDETERMINED - claim-specific profile matrix required,1.2 WD,AERA-001-1.2WD-20260807.1,Authoritative PDF Appendix A; generated from controlled source
AERA-DA-018,DA,"Assurance state SHALL preserve separately evaluated claims for authority validity, intent alignment, evidence adequacy, actor competence, cyber integrity, temporal coherence, safety margin, and recoverability; a universal scalar score SHALL NOT override a failed mandatory claim.",Assurance-vector schema; policy decision table; dimension-failure tests.,PROPOSED,1.1 RC1 or earlier - lineage pending,,,,,,,UNDETERMINED - claim-specific profile matrix required,1.2 WD,AERA-001-1.2WD-20260807.1,Authoritative PDF Appendix A; generated from controlled source
AERA-DA-019,DA,"Confidence claims SHALL identify the calibration method, calibration population or operating domain, version, date, error measure, and known limits, and SHALL be monitored for calibration drift in deployment.",Calibration report; reliability analysis; production drift alerts and response records.,PROPOSED,1.1 RC1 or earlier - lineage pending,,,,,,,UNDETERMINED - claim-specific profile matrix required,1.2 WD,AERA-001-1.2WD-20260807.1,Authoritative PDF Appendix A; generated from controlled source
AERA-DA-020,DA,"Every time or position claim used in authorization SHALL identify its source, reference frame or time scale as applicable, uncertainty, integrity state, age, and whether the source is merely present, monitored, accepted, or actually used in the computed decision.",PNT evidence object; source-selection logs; use-path instrumentation.,PROPOSED,1.1 RC1 or earlier - lineage pending,,,,,,,UNDETERMINED - claim-specific profile matrix required,1.2 WD,AERA-001-1.2WD-20260807.1,Authoritative PDF Appendix A; generated from controlled source
AERA-DA-021,DA,"Decision classes dependent on PNT SHALL define disagreement thresholds, anomaly detection, holdover or alternate-source behavior, maximum uncertainty, and safe degraded operation; source loss or conflict SHALL NOT silently preserve nominal authority.",PNT fault-injection; jamming/spoofing or simulated anomaly tests; holdover characterization.,PROPOSED,1.1 RC1 or earlier - lineage pending,,,,,,,UNDETERMINED - claim-specific profile matrix required,1.2 WD,AERA-001-1.2WD-20260807.1,Authoritative PDF Appendix A; generated from controlled source
AERA-DA-022,DA,Every material autonomous effect SHALL pass through a policy enforcement mechanism controlled independently from the proposing actor; direct access to an effect interface SHALL be denied unless explicitly justified as a time-bounded emergency mode.,Architecture and trust-boundary review; bypass tests; emergency-mode approvals and logs.,PROPOSED,1.1 RC1 or earlier - lineage pending,,,,,,,UNDETERMINED - claim-specific profile matrix required,1.2 WD,AERA-001-1.2WD-20260807.1,Authoritative PDF Appendix A; generated from controlled source
AERA-DA-023,DA,The Decision Assurance Fabric SHALL use the canonical authorization-disposition vocabulary and semantics specified by AERA-DAF-110 through AERA-DAF-114.,"I, T",PROPOSED,1.1 RC1 or earlier - lineage pending,1.2 WD,,AERA-DAF-110,,,Replaced legacy disposition wording with a reference to the canonical AERA-DAF-110 through AERA-DAF-114 semantics.,UNDETERMINED - claim-specific profile matrix required,1.2 WD,AERA-001-1.2WD-20260807.1,Authoritative PDF Appendix A; generated from controlled source
AERA-DA-024,DA,"An authorization SHALL be limited to the exact actor, action, target, tool, parameters, sequence or transaction, context, consequence bound, and validity interval evaluated; bearer authorization not bound to these elements SHALL NOT authorize a material effect.","Token or capability schema; replay, audience, target, and parameter substitution tests.",PROPOSED,1.1 RC1 or earlier - lineage pending,,,,,,,UNDETERMINED - claim-specific profile matrix required,1.2 WD,AERA-001-1.2WD-20260807.1,Authoritative PDF Appendix A; generated from controlled source
AERA-DA-025,DA,"Decision Assurance Fabric outage, timeout, overload, or partition SHALL invoke a pre-engineered decision-class degraded mode; unavailability SHALL NOT be interpreted as permission.",Capacity and partition tests; fail-safe state evidence; continuity procedure.,PROPOSED,1.1 RC1 or earlier - lineage pending,,,,,,,UNDETERMINED - claim-specific profile matrix required,1.2 WD,AERA-001-1.2WD-20260807.1,Authoritative PDF Appendix A; generated from controlled source
AERA-DA-026,DA,"Authorization SHALL be reevaluated when any policy-defined material context changes, including actor integrity, delegation, intent, evidence, PNT state, target state, threat state, or recovery readiness.",Context-change matrix; invalidation latency; reauthorization traces.,PROPOSED,1.1 RC1 or earlier - lineage pending,,,,,,,UNDETERMINED - claim-specific profile matrix required,1.2 WD,AERA-001-1.2WD-20260807.1,Authoritative PDF Appendix A; generated from controlled source
AERA-DA-027,DA,"The implementation SHALL evaluate cumulative and interacting effects across time, actors, tools, and targets and enforce rolling budgets or state constraints that prevent decomposition of a prohibited action into individually permitted actions.",Stateful test scenarios; budget enforcement; multi-actor sequence analysis.,PROPOSED,1.1 RC1 or earlier - lineage pending,,,,,,,UNDETERMINED - claim-specific profile matrix required,1.2 WD,AERA-001-1.2WD-20260807.1,Authoritative PDF Appendix A; generated from controlled source
AERA-DA-028,DA,"Tool credentials and capabilities SHALL be least-privileged, audience-restricted, target-restricted, action-restricted, time-bounded, and unavailable to the actor outside the authorized transaction.",Entitlement review; credential issuance logs; negative tool-use tests.,PROPOSED,1.1 RC1 or earlier - lineage pending,,,,,,,UNDETERMINED - claim-specific profile matrix required,1.2 WD,AERA-001-1.2WD-20260807.1,Authoritative PDF Appendix A; generated from controlled source
AERA-DA-029,DA,"A quorum, consensus, or independent-review rule SHALL define independence in terms of controller, model lineage, training data, evidence source, operator, provider, clock, and failure domain; numerical plurality alone SHALL NOT establish independence.",Independence model; collusion tests; quorum policy and provenance.,PROPOSED,1.1 RC1 or earlier - lineage pending,,,,,,,UNDETERMINED - claim-specific profile matrix required,1.2 WD,AERA-001-1.2WD-20260807.1,Authoritative PDF Appendix A; generated from controlled source
AERA-DA-030,DA,"Results from external AI, optimization, classical-compute, or quantum services SHALL be bound to the submitted request, provider and service version, execution context, time, uncertainty, and validation method; consequential use SHALL have a characterized fallback and independently controlled enforcement path.",Service contract; request/result binding; plausibility tests; fallback and provider-failure exercise.,PROPOSED,1.1 RC1 or earlier - lineage pending,,,,,,,UNDETERMINED - claim-specific profile matrix required,1.2 WD,AERA-001-1.2WD-20260807.1,Authoritative PDF Appendix A; generated from controlled source
AERA-DA-031,DA,"The implementation SHALL retain a tamper-evident causal record linking intent, delegation, actor and tool identity, proposal, evidence, assurance state, policy, disposition, enforcement, observed effect, override, and recovery action.",End-to-end reconstruction exercise; log-integrity verification; completeness sampling.,PROPOSED,1.1 RC1 or earlier - lineage pending,,,,,,,UNDETERMINED - claim-specific profile matrix required,1.2 WD,AERA-001-1.2WD-20260807.1,Authoritative PDF Appendix A; generated from controlled source
AERA-DA-032,DA,"Each decision class SHALL define a recovery envelope with detection triggers, containment and disengagement authority, safe states, rollback or compensation actions, required resources, and maximum recovery time; the recovery path SHALL be periodically tested independently of the actor.",Recovery plan; exercise results; override-path independence evidence.,PROPOSED,1.1 RC1 or earlier - lineage pending,,,,,,,UNDETERMINED - claim-specific profile matrix required,1.2 WD,AERA-001-1.2WD-20260807.1,Authoritative PDF Appendix A; generated from controlled source
AERA-DA-033,DA,"Runtime monitoring SHALL detect changes in actor integrity, authority, policy, evidence quality, calibration, PNT state, action sequence, target state, and recovery readiness and SHALL trigger the prescribed reauthorization or recovery action.",Monitoring coverage matrix; alert-to-action tests; operational metrics.,PROPOSED,1.1 RC1 or earlier - lineage pending,,,,,,,UNDETERMINED - claim-specific profile matrix required,1.2 WD,AERA-001-1.2WD-20260807.1,Authoritative PDF Appendix A; generated from controlled source
AERA-DA-034,DA,"Any update that can change autonomous behavior - including model, prompt, policy, memory, data, tool, dependency, or threshold changes - SHALL be versioned, provenance-bound, tested, approved at the applicable consequence level, observable after release, and reversible.",Configuration baseline; test and approval record; staged-release and rollback evidence.,PROPOSED,1.1 RC1 or earlier - lineage pending,,,,,,,UNDETERMINED - claim-specific profile matrix required,1.2 WD,AERA-001-1.2WD-20260807.1,Authoritative PDF Appendix A; generated from controlled source
AERA-DA-035,DA,"Verification and validation SHALL exercise every applicable threat in DAT-01 through DAT-25 under nominal, boundary, adversarial, degraded, partitioned, common-mode, and recovery conditions proportional to consequence; untested threats SHALL remain open assurance claims.","I, A, T, D",PROPOSED,1.1 RC1 or earlier - lineage pending,,,,,,,UNDETERMINED - claim-specific profile matrix required,1.2 WD,AERA-001-1.2WD-20260807.1,Authoritative PDF Appendix A; generated from controlled source
AERA-DA-036,DA,"The organization SHALL maintain an inventory of cryptographic uses supporting delegation, identity, evidence, authorization, audit, communications, and recovery; assess confidentiality and signature exposure periods; plan crypto-agile migration; select applicable standardized algorithms and parameters; track authoritative errata; and verify implementation, protocol, interoperability, performance, and validation status before claiming post-quantum protection.",Cryptographic inventory; migration plan; algorithm and protocol test evidence; errata review; validation records.,PROPOSED,1.1 RC1 or earlier - lineage pending,,,,,,,UNDETERMINED - claim-specific profile matrix required,1.2 WD,AERA-001-1.2WD-20260807.1,Authoritative PDF Appendix A; generated from controlled source
AERA-DAF-001,DAF,"Before material effect, the DAF SHALL evaluate exact proposal, actor/integrity, authority, intent, target/context, consequence, evidence/provenance, cyber state, time, dependencies, approvals, and recovery.","I, T",PROPOSED,1.1 RC1 or earlier - lineage pending,,,,,,,UNDETERMINED - claim-specific profile matrix required,1.2 WD,AERA-001-1.2WD-20260807.1,Authoritative PDF Appendix A; generated from controlled source
AERA-DAF-002,DAF,"A permit SHALL be integrity-bound to actor, action, target, parameters, context, evidence, authority, intent, policy, consequence, and validity, and invalidated by expiry or material bound-element change.","I, T",PROPOSED,1.1 RC1 or earlier - lineage pending,,,,,,,UNDETERMINED - claim-specific profile matrix required,1.2 WD,AERA-001-1.2WD-20260807.1,Authoritative PDF Appendix A; generated from controlled source
AERA-DAF-003,DAF,A Decision Assurance Fabric implementation SHALL document and test a one-to-one mapping from any external disposition label to the canonical AERA dispositions defined by AERA-DAF-110.,"I, T",PROPOSED,1.1 RC1 or earlier - lineage pending,1.2 WD,,AERA-DAF-110,,,Replaced the legacy constrain vocabulary with a tested one-to-one mapping obligation to AERA-DAF-110.,UNDETERMINED - claim-specific profile matrix required,1.2 WD,AERA-001-1.2WD-20260807.1,Authoritative PDF Appendix A; generated from controlled source
AERA-DAF-004,DAF,"The proposer SHALL NOT be sole authority, evidence source, and enforcement for its material effect; consequence-appropriate separation SHALL be verified.","A, T",PROPOSED,1.1 RC1 or earlier - lineage pending,,,,,,,UNDETERMINED - claim-specific profile matrix required,1.2 WD,AERA-001-1.2WD-20260807.1,Authoritative PDF Appendix A; generated from controlled source
AERA-DAF-005,DAF,"Each class SHALL define/test DAF loss, partition, degradation, and staleness behavior; assurance loss SHALL NOT create implicit or over-valid authorization.","A, T",PROPOSED,1.1 RC1 or earlier - lineage pending,,,,,,,UNDETERMINED - claim-specific profile matrix required,1.2 WD,AERA-001-1.2WD-20260807.1,Authoritative PDF Appendix A; generated from controlled source
AERA-DAF-101,DAF,The DAF SHALL establish a globally unique decision-transaction identifier for each proposed material effect before assurance evaluation begins.,"I, T",PROPOSED,1.1 RC1 or earlier - lineage pending,,,,,,,UNDETERMINED - claim-specific profile matrix required,1.2 WD,AERA-001-1.2WD-20260807.1,Authoritative PDF Appendix A; generated from controlled source
AERA-DAF-102,DAF,"The DAF SHALL canonicalize the actor, action, parameters, target, purpose, context, and execution window before assurance evaluation.","I, T",PROPOSED,1.1 RC1 or earlier - lineage pending,,,,,,,UNDETERMINED - claim-specific profile matrix required,1.2 WD,AERA-001-1.2WD-20260807.1,Authoritative PDF Appendix A; generated from controlled source
AERA-DAF-103,DAF,"The DAF SHALL bind each evaluation and authorization artifact to the canonical proposal, effective authority chain, intent version, evidence snapshot, policy and evaluator versions, consequence class, and validity limits.","I, T",PROPOSED,1.1 RC1 or earlier - lineage pending,,,,,,,UNDETERMINED - claim-specific profile matrix required,1.2 WD,AERA-001-1.2WD-20260807.1,Authoritative PDF Appendix A; generated from controlled source
AERA-DAF-104,DAF,Any material change to a bound transaction input SHALL invalidate the prior permit or cause re-evaluation and issuance of a new disposition before any further effect.,"A, T",PROPOSED,1.1 RC1 or earlier - lineage pending,,,,,,,UNDETERMINED - claim-specific profile matrix required,1.2 WD,AERA-001-1.2WD-20260807.1,Authoritative PDF Appendix A; generated from controlled source
AERA-DAF-105,DAF,The DAF SHALL represent each required assurance claim as an independently visible verdict and SHALL NOT conceal a NOT-SATISFIED or INDETERMINATE hard gate in an aggregate score.,"I, A, T",PROPOSED,1.1 RC1 or earlier - lineage pending,,,,,,,UNDETERMINED - claim-specific profile matrix required,1.2 WD,AERA-001-1.2WD-20260807.1,Authoritative PDF Appendix A; generated from controlled source
AERA-DAF-106,DAF,"Each assurance-claim result SHALL identify the claim, verdict, acceptance criterion, supporting and contrary evidence, limitations, evaluator identity and version, assessment time, and validity interval.","I, T",PROPOSED,1.1 RC1 or earlier - lineage pending,,,,,,,UNDETERMINED - claim-specific profile matrix required,1.2 WD,AERA-001-1.2WD-20260807.1,Authoritative PDF Appendix A; generated from controlled source
AERA-DAF-107,DAF,"The DAF SHALL distinguish SATISFIED, NOT-SATISFIED, and INDETERMINATE verdicts and SHALL NOT interpret NOT-SATISFIED or INDETERMINATE as SATISFIED.","I, T",PROPOSED,1.1 RC1 or earlier - lineage pending,,,,,,,UNDETERMINED - claim-specific profile matrix required,1.2 WD,AERA-001-1.2WD-20260807.1,Authoritative PDF Appendix A; generated from controlled source
AERA-DAF-108,DAF,"For each decision type and consequence class, policy SHALL identify hard gates, compensable dimensions, prohibited trade-offs, approving authorities, and the conditions and validity limits for any permitted trade-off.","I, A",PROPOSED,1.1 RC1 or earlier - lineage pending,,,,,,,UNDETERMINED - claim-specific profile matrix required,1.2 WD,AERA-001-1.2WD-20260807.1,Authoritative PDF Appendix A; generated from controlled source
AERA-DAF-109,DAF,"Each permitted trade-off among assurance dimensions SHALL identify the accepted degradation or loss, compensating controls and their evidence, applicable decision types and consequence classes, accountable approving authority, validity, and reassessment triggers.","I, A",PROPOSED,1.1 RC1 or earlier - lineage pending,,,,,,,UNDETERMINED - claim-specific profile matrix required,1.2 WD,AERA-001-1.2WD-20260807.1,Authoritative PDF Appendix A; generated from controlled source
AERA-DAF-110,DAF,"The DAF SHALL support the dispositions PERMIT, PERMIT-WITH-CONSTRAINTS, DEFER, ESCALATE, SIMULATE, QUARANTINE, and DENY with the semantics defined in Section 24; an implementation MAY use different external labels only when it documents a one-to-one semantic mapping.","I, T",PROPOSED,1.1 RC1 or earlier - lineage pending,,,,,,,UNDETERMINED - claim-specific profile matrix required,1.2 WD,AERA-001-1.2WD-20260807.1,Authoritative PDF Appendix A; generated from controlled source
AERA-DAF-111,DAF,A PERMIT-WITH-CONSTRAINTS disposition SHALL bind and enforce the narrowed proposal; it SHALL NOT authorize the original unconstrained proposal.,"I, T",PROPOSED,1.1 RC1 or earlier - lineage pending,,,,,,,UNDETERMINED - claim-specific profile matrix required,1.2 WD,AERA-001-1.2WD-20260807.1,Authoritative PDF Appendix A; generated from controlled source
AERA-DAF-112,DAF,"DEFER, ESCALATE, SIMULATE, QUARANTINE, and DENY SHALL NOT be accepted as authorization for an operational effect.","I, T",PROPOSED,1.1 RC1 or earlier - lineage pending,,,,,,,UNDETERMINED - claim-specific profile matrix required,1.2 WD,AERA-001-1.2WD-20260807.1,Authoritative PDF Appendix A; generated from controlled source
AERA-DAF-113,DAF,"A permit SHALL state a bounded validity interval, bounded use count, or both.","I, T",PROPOSED,1.1 RC1 or earlier - lineage pending,,,,,,,UNDETERMINED - claim-specific profile matrix required,1.2 WD,AERA-001-1.2WD-20260807.1,Authoritative PDF Appendix A; generated from controlled source
AERA-DAF-114,DAF,The DAF SHALL record all applicable non-permit reasons even when it returns one primary disposition.,"I, T",PROPOSED,1.1 RC1 or earlier - lineage pending,,,,,,,UNDETERMINED - claim-specific profile matrix required,1.2 WD,AERA-001-1.2WD-20260807.1,Authoritative PDF Appendix A; generated from controlled source
AERA-DAF-115,DAF,"Unresolved policy conflict, ambiguous authority scope, or incomplete mandatory context SHALL NOT produce a permit.","A, T",PROPOSED,1.1 RC1 or earlier - lineage pending,,,,,,,UNDETERMINED - claim-specific profile matrix required,1.2 WD,AERA-001-1.2WD-20260807.1,Authoritative PDF Appendix A; generated from controlled source
AERA-DAF-116,DAF,"State transitions SHALL be attributable, ordered, integrity-protected, and associated with stated time quality.","I, T",PROPOSED,1.1 RC1 or earlier - lineage pending,,,,,,,UNDETERMINED - claim-specific profile matrix required,1.2 WD,AERA-001-1.2WD-20260807.1,Authoritative PDF Appendix A; generated from controlled source
AERA-DAF-117,DAF,"Re-evaluation after deferment, escalation, or simulation SHALL preserve the prior snapshot and create a new evaluation snapshot.","I, T",PROPOSED,1.1 RC1 or earlier - lineage pending,,,,,,,UNDETERMINED - claim-specific profile matrix required,1.2 WD,AERA-001-1.2WD-20260807.1,Authoritative PDF Appendix A; generated from controlled source
AERA-DAF-118,DAF,"A decision transaction SHALL NOT enter verified closure until the enforcement receipt and required effect observations have been reconciled with the decision contract, or residual-risk closure has been explicitly approved.","I, T, D",PROPOSED,1.1 RC1 or earlier - lineage pending,,,,,,,UNDETERMINED - claim-specific profile matrix required,1.2 WD,AERA-001-1.2WD-20260807.1,Authoritative PDF Appendix A; generated from controlled source
AERA-ENF-101,ENF,Each material effect SHALL be mediated by an enforcement point that is independently controllable from the proposer to the degree required by consequence.,"I, A, T",PROPOSED,1.1 RC1 or earlier - lineage pending,,,,,,,UNDETERMINED - claim-specific profile matrix required,1.2 WD,AERA-001-1.2WD-20260807.1,Authoritative PDF Appendix A; generated from controlled source
AERA-ENF-102,ENF,"The enforcement point SHALL validate the authorization artifact, actor, target, canonical proposal digest, constraints, validity, use limit, and revocation state before execution.","I, T",PROPOSED,1.1 RC1 or earlier - lineage pending,,,,,,,UNDETERMINED - claim-specific profile matrix required,1.2 WD,AERA-001-1.2WD-20260807.1,Authoritative PDF Appendix A; generated from controlled source
AERA-ENF-103,ENF,"The enforcement point SHALL reject proposal substitution, target substitution, actor substitution, replay, expired authorization, exhausted use, and use outside the named enforcement boundary.",T,PROPOSED,1.1 RC1 or earlier - lineage pending,,,,,,,UNDETERMINED - claim-specific profile matrix required,1.2 WD,AERA-001-1.2WD-20260807.1,Authoritative PDF Appendix A; generated from controlled source
AERA-ENF-104,ENF,"Revocation after dispatch SHALL invoke the defined stop, containment, or recovery behavior and SHALL preserve evidence of any effect already initiated.","I, T, D",PROPOSED,1.1 RC1 or earlier - lineage pending,,,,,,,UNDETERMINED - claim-specific profile matrix required,1.2 WD,AERA-001-1.2WD-20260807.1,Authoritative PDF Appendix A; generated from controlled source
AERA-ENF-105,ENF,"The enforcement path SHALL produce an integrity-protected receipt stating validation, accepted proposal, actual execution parameters, timing, result, and exceptions.","I, T",PROPOSED,1.1 RC1 or earlier - lineage pending,,,,,,,UNDETERMINED - claim-specific profile matrix required,1.2 WD,AERA-001-1.2WD-20260807.1,Authoritative PDF Appendix A; generated from controlled source
AERA-ENF-106,ENF,Required effect observation SHALL be independent of the proposer for CC-3 and CC-4 decisions unless the assurance case documents why independence is infeasible and identifies compensating controls.,"I, A, T",PROPOSED,1.1 RC1 or earlier - lineage pending,,,,,,,UNDETERMINED - claim-specific profile matrix required,1.2 WD,AERA-001-1.2WD-20260807.1,Authoritative PDF Appendix A; generated from controlled source
AERA-ENF-107,ENF,"The audit record SHALL reconstruct the causal chain from intent and delegation through proposal, evidence, vector, policy, disposition, enforcement, observed effect, override, exception, and recovery.","I, T, D",PROPOSED,1.1 RC1 or earlier - lineage pending,,,,,,,UNDETERMINED - claim-specific profile matrix required,1.2 WD,AERA-001-1.2WD-20260807.1,Authoritative PDF Appendix A; generated from controlled source
AERA-EVID-001,EVID,"Decision evidence SHALL carry or resolve to source identity, provenance, observed/effective time, acquisition/transformation history, integrity, freshness, uncertainty/quality, relevant configuration/calibration, and restrictions.","I, T",PROPOSED,1.1 RC1 or earlier - lineage pending,,,,,,,UNDETERMINED - claim-specific profile matrix required,1.2 WD,AERA-001-1.2WD-20260807.1,Authoritative PDF Appendix A; generated from controlled source
AERA-EVID-002,EVID,"High-consequence disposition SHALL use evidence or enforcement sufficiently independent of the proposer; independence SHALL address shared source, time, network, software, administration, and supply-chain dependencies.","A, T",PROPOSED,1.1 RC1 or earlier - lineage pending,,,,,,,UNDETERMINED - claim-specific profile matrix required,1.2 WD,AERA-001-1.2WD-20260807.1,Authoritative PDF Appendix A; generated from controlled source
AERA-EVID-003,EVID,"Material contradictions SHALL be retained, surfaced to policy, and resolved or dispositioned; fusion SHALL NOT suppress contradiction to create unsupported confidence.","I, T",PROPOSED,1.1 RC1 or earlier - lineage pending,,,,,,,UNDETERMINED - claim-specific profile matrix required,1.2 WD,AERA-001-1.2WD-20260807.1,Authoritative PDF Appendix A; generated from controlled source
AERA-EVID-004,EVID,Transformed evidence SHALL preserve source-level traceability and declare transformations that prevent independent re-evaluation.,"I, T",PROPOSED,1.1 RC1 or earlier - lineage pending,,,,,,,UNDETERMINED - claim-specific profile matrix required,1.2 WD,AERA-001-1.2WD-20260807.1,Authoritative PDF Appendix A; generated from controlled source
AERA-EVID-011,EVID,"Data used to train, adapt, evaluate, or operate a consequence-material autonomous capability SHALL have documented provenance, quality, representativeness, limitations, permissible use, and change control.","I, A, T",PROPOSED,1.1 RC1 or earlier - lineage pending,,,,,,,UNDETERMINED - claim-specific profile matrix required,1.2 WD,AERA-001-1.2WD-20260807.1,Authoritative PDF Appendix A; generated from controlled source
AERA-EVID-101,EVID,"Decision evidence SHALL identify the supported claim, source, provenance, transformations, integrity state, uncertainty, observation time, valid interval, and limitations.","I, T",PROPOSED,1.1 RC1 or earlier - lineage pending,,,,,,,UNDETERMINED - claim-specific profile matrix required,1.2 WD,AERA-001-1.2WD-20260807.1,Authoritative PDF Appendix A; generated from controlled source
AERA-EVID-102,EVID,The DAF SHALL evaluate evidence freshness and time/PNT quality against the requirements of the specific decision contract.,"I, A, T",PROPOSED,1.1 RC1 or earlier - lineage pending,,,,,,,UNDETERMINED - claim-specific profile matrix required,1.2 WD,AERA-001-1.2WD-20260807.1,Authoritative PDF Appendix A; generated from controlled source
AERA-EVID-103,EVID,"Evidence status SHALL distinguish source capability present, source monitored, evidence accepted, and evidence used in the computed assurance verdict.","I, T",PROPOSED,1.1 RC1 or earlier - lineage pending,,,,,,,UNDETERMINED - claim-specific profile matrix required,1.2 WD,AERA-001-1.2WD-20260807.1,Authoritative PDF Appendix A; generated from controlled source
AERA-EVID-104,EVID,Required source independence SHALL be defined against the relevant common-mode and administrative-control failure model; source count alone SHALL NOT establish independence.,"I, A, T",PROPOSED,1.1 RC1 or earlier - lineage pending,,,,,,,UNDETERMINED - claim-specific profile matrix required,1.2 WD,AERA-001-1.2WD-20260807.1,Authoritative PDF Appendix A; generated from controlled source
AERA-EVID-105,EVID,"Contradictory, withdrawn, corrected, stale, or compromised evidence SHALL trigger the policy-defined re-evaluation, constraint, deferment, escalation, quarantine, denial, or recovery behavior.","I, T",PROPOSED,1.1 RC1 or earlier - lineage pending,,,,,,,UNDETERMINED - claim-specific profile matrix required,1.2 WD,AERA-001-1.2WD-20260807.1,Authoritative PDF Appendix A; generated from controlled source
AERA-EVID-106,EVID,"Each material decision class SHALL define stop conditions, degraded behavior, and a validated recovery envelope, and the DAF SHALL evaluate current recovery readiness before permit.","I, A, T, D",PROPOSED,1.1 RC1 or earlier - lineage pending,,,,,,,UNDETERMINED - claim-specific profile matrix required,1.2 WD,AERA-001-1.2WD-20260807.1,Authoritative PDF Appendix A; generated from controlled source
AERA-EVID-112,EVID,"A decision-relevant state claim SHALL identify its typed state model and SHALL NOT treat ACCEPTED_BY_SERVICE, USED_IN_SOURCE_SOLUTION, USED_IN_AUTHORIZATION, and VALIDATED_EFFECTIVE as equivalent states.","I, A, T",PROPOSED,1.2 WD,,,,,,,UNDETERMINED - claim-specific profile matrix required,1.2 WD,AERA-001-1.2WD-20260807.1,Authoritative PDF Appendix A; generated from controlled source
AERA-GOV-001,GOV,"Each autonomous decision class SHALL have a named human or governing body accountable for mission legitimacy, delegated authority, residual risk, suspension, and reassessment.","I, D",PROPOSED,1.1 RC1 or earlier - lineage pending,,,,,,,UNDETERMINED - claim-specific profile matrix required,1.2 WD,AERA-001-1.2WD-20260807.1,Authoritative PDF Appendix A; generated from controlled source
AERA-GOV-002,GOV,"Governance SHALL review performance, overrides, near misses, adverse effects, anomalies, deviations, recovery, and material authority/policy/threat/consequence/obligation changes at defined cadence and triggers.","I, A",PROPOSED,1.1 RC1 or earlier - lineage pending,,,,,,,UNDETERMINED - claim-specific profile matrix required,1.2 WD,AERA-001-1.2WD-20260807.1,Authoritative PDF Appendix A; generated from controlled source
AERA-GOV-003,GOV,"Applicable privacy, civil-rights, equity, safety, transparency, recordkeeping, redress, and data-governance obligations SHALL be identified for each decision class and translated into enforceable intent, policy, evidence, and oversight requirements.","I, A",PROPOSED,1.1 RC1 or earlier - lineage pending,,,,,,,UNDETERMINED - claim-specific profile matrix required,1.2 WD,AERA-001-1.2WD-20260807.1,Authoritative PDF Appendix A; generated from controlled source
AERA-GOV-004,GOV,"A consequence-material decision class affecting people SHALL define notice, contestability, human review, and redress mechanisms, or SHALL document the legal and mission basis for inapplicability.","I, A, D",PROPOSED,1.1 RC1 or earlier - lineage pending,,,,,,,UNDETERMINED - claim-specific profile matrix required,1.2 WD,AERA-001-1.2WD-20260807.1,Authoritative PDF Appendix A; generated from controlled source
AERA-GOVR-001,GOVR,"Every normative change SHALL identify impact on definitions, requirements, interfaces, schemas, threats, crosswalks and conformance.","I, A, T and/or D as consequence requires",PROPOSED,1.1 RC1 or earlier - lineage pending,,,,,,,UNDETERMINED - claim-specific profile matrix required,1.2 WD,AERA-001-1.2WD-20260807.1,Authoritative PDF Appendix A; generated from controlled source
AERA-GOVR-002,GOVR,Sector profiles SHALL preserve or strengthen the AERA core control floor.,"I, A, T and/or D as consequence requires",PROPOSED,1.1 RC1 or earlier - lineage pending,,,,,,,UNDETERMINED - claim-specific profile matrix required,1.2 WD,AERA-001-1.2WD-20260807.1,Authoritative PDF Appendix A; generated from controlled source
AERA-GOVR-003,GOVR,A conformance claim SHALL remain bound to the AERA edition assessed.,"I, A, T and/or D as consequence requires",PROPOSED,1.1 RC1 or earlier - lineage pending,,,,,,,UNDETERMINED - claim-specific profile matrix required,1.2 WD,AERA-001-1.2WD-20260807.1,Authoritative PDF Appendix A; generated from controlled source
AERA-GOVR-004,GOVR,"External mappings SHALL be versioned, directional and reviewed on source or AERA revision.","I, A, T and/or D as consequence requires",PROPOSED,1.1 RC1 or earlier - lineage pending,,,,,,,UNDETERMINED - claim-specific profile matrix required,1.2 WD,AERA-001-1.2WD-20260807.1,Authoritative PDF Appendix A; generated from controlled source
AERA-GOVR-005,GOVR,"An urgent advisory SHALL identify scope, evidence, required action and expiration or incorporation path.","I, A, T and/or D as consequence requires",PROPOSED,1.1 RC1 or earlier - lineage pending,,,,,,,UNDETERMINED - claim-specific profile matrix required,1.2 WD,AERA-001-1.2WD-20260807.1,Authoritative PDF Appendix A; generated from controlled source
AERA-GOVR-006,GOVR,"The controlled publication process SHALL maintain a public, versioned change record that links each material comment or proposal to its disposition, rationale, affected artifacts, and effective edition.","I, A",PROPOSED,1.2 WD,,,,,,,UNDETERMINED - claim-specific profile matrix required,1.2 WD,AERA-001-1.2WD-20260807.1,Authoritative PDF Appendix A; generated from controlled source
AERA-GOVR-007,GOVR,"The publication process SHALL identify editor, contributor, reviewer, pilot, and assessor roles and SHALL disclose relevant competence, organizational affiliation, sponsorship, and conflicts of interest.",I,PROPOSED,1.2 WD,,,,,,,UNDETERMINED - claim-specific profile matrix required,1.2 WD,AERA-001-1.2WD-20260807.1,Authoritative PDF Appendix A; generated from controlled source
AERA-GOVR-008,GOVR,"A proposed normative revision SHALL receive a defined multistakeholder review period, preserve substantive dissent, and publish disposition before it is represented as a consensus release.","I, A",PROPOSED,1.2 WD,,,,,,,UNDETERMINED - claim-specific profile matrix required,1.2 WD,AERA-001-1.2WD-20260807.1,Authoritative PDF Appendix A; generated from controlled source
AERA-GOVR-009,GOVR,"Human-readable and machine-readable normative artifacts SHALL be generated from or reconciled to one authoritative controlled source, carry the same edition identifier, and pass semantic and integrity checks before release.","I, A, T",PROPOSED,1.2 WD,,,,,,,UNDETERMINED - claim-specific profile matrix required,1.2 WD,AERA-001-1.2WD-20260807.1,Authoritative PDF Appendix A; generated from controlled source
AERA-GOVR-010,GOVR,"A maturity, conformance, interoperability, or effectiveness claim SHALL state the assessed population, assessor independence, evidence period, known limitations, and whether multi-organization or inter-rater validation has been completed.","I, A",PROPOSED,1.2 WD,,,,,,,UNDETERMINED - claim-specific profile matrix required,1.2 WD,AERA-001-1.2WD-20260807.1,Authoritative PDF Appendix A; generated from controlled source
AERA-GOVR-011,GOVR,"Each public edition SHALL state its copyright, license, contribution terms, permitted uses, and intellectual-property process before external redistribution or standards submission.",I,PROPOSED,1.2 WD,,,,,,,UNDETERMINED - claim-specific profile matrix required,1.2 WD,AERA-001-1.2WD-20260807.1,Authoritative PDF Appendix A; generated from controlled source
AERA-GOVR-012,GOVR,"A released artifact SHALL be immutable; any byte-changing replacement SHALL receive a new build identifier and manifest, and any normative change SHALL receive a new specification version.","I, T",PROPOSED,1.2 WD,,,,,,,UNDETERMINED - claim-specific profile matrix required,1.2 WD,AERA-001-1.2WD-20260807.1,Authoritative PDF Appendix A; generated from controlled source
AERA-HUM-101,HUM,Every decision class SHALL designate an accountable human authority and the applicable human-control mode.,"I, A, T and/or D as consequence requires",PROPOSED,1.1 RC1 or earlier - lineage pending,,,,,,,UNDETERMINED - claim-specific profile matrix required,1.2 WD,AERA-001-1.2WD-20260807.1,Authoritative PDF Appendix A; generated from controlled source
AERA-HUM-102,HUM,CC-3 and CC-4 operation SHALL use positive oversight unless a governance-approved preauthorized envelope is validated for the decision tempo.,"I, A, T and/or D as consequence requires",PROPOSED,1.1 RC1 or earlier - lineage pending,,,,,,,UNDETERMINED - claim-specific profile matrix required,1.2 WD,AERA-001-1.2WD-20260807.1,Authoritative PDF Appendix A; generated from controlled source
AERA-HUM-103,HUM,"A human approval interface SHALL present decisive evidence, uncertainty, alternatives, expected effects and recovery options.","I, A, T and/or D as consequence requires",PROPOSED,1.1 RC1 or earlier - lineage pending,,,,,,,UNDETERMINED - claim-specific profile matrix required,1.2 WD,AERA-001-1.2WD-20260807.1,Authoritative PDF Appendix A; generated from controlled source
AERA-HUM-104,HUM,"Emergency authority SHALL remain purpose-limited, time-bounded, attributable and unable to waive constraints outside the issuer authority.","I, A, T and/or D as consequence requires",PROPOSED,1.1 RC1 or earlier - lineage pending,,,,,,,UNDETERMINED - claim-specific profile matrix required,1.2 WD,AERA-001-1.2WD-20260807.1,Authoritative PDF Appendix A; generated from controlled source
AERA-HUM-105,HUM,"For a CC-4 decision, the accountable authority SHALL approve the decision-class envelope and every material change; each operational transaction SHALL require transaction-specific concurrence unless a tested preauthorized envelope defines exact bounds, independent deterministic interlocks, continuous observation, revocation, and expiry.","I, A, T, D",PROPOSED,1.2 WD,,,,,,,UNDETERMINED - claim-specific profile matrix required,1.2 WD,AERA-001-1.2WD-20260807.1,Authoritative PDF Appendix A; generated from controlled source
AERA-IF-001,IF,"Decision-relevant interfaces SHALL identify object schema and version, producer identity, integrity state and temporal validity.","I, A, T and/or D as consequence requires",PROPOSED,1.1 RC1 or earlier - lineage pending,,,,,,,UNDETERMINED - claim-specific profile matrix required,1.2 WD,AERA-001-1.2WD-20260807.1,Authoritative PDF Appendix A; generated from controlled source
AERA-IF-002,IF,A material change to a bound object SHALL create a new version and trigger policy-defined reassessment.,"I, A, T and/or D as consequence requires",PROPOSED,1.1 RC1 or earlier - lineage pending,,,,,,,UNDETERMINED - claim-specific profile matrix required,1.2 WD,AERA-001-1.2WD-20260807.1,Authoritative PDF Appendix A; generated from controlled source
AERA-IF-003,IF,"A consumer SHALL record whether an object was rejected, accepted, and used in the computed decision.","I, A, T and/or D as consequence requires",PROPOSED,1.1 RC1 or earlier - lineage pending,,,,,,,UNDETERMINED - claim-specific profile matrix required,1.2 WD,AERA-001-1.2WD-20260807.1,Authoritative PDF Appendix A; generated from controlled source
AERA-IF-004,IF,A decision trace SHALL preserve causal links across all proposal-to-effect objects.,"I, A, T and/or D as consequence requires",PROPOSED,1.1 RC1 or earlier - lineage pending,,,,,,,UNDETERMINED - claim-specific profile matrix required,1.2 WD,AERA-001-1.2WD-20260807.1,Authoritative PDF Appendix A; generated from controlled source
AERA-IF-005,IF,"Interface replay SHALL be rejected outside the use, sequence and temporal semantics of the bound transaction.","I, A, T and/or D as consequence requires",PROPOSED,1.1 RC1 or earlier - lineage pending,,,,,,,UNDETERMINED - claim-specific profile matrix required,1.2 WD,AERA-001-1.2WD-20260807.1,Authoritative PDF Appendix A; generated from controlled source
AERA-IF-006,IF,Cross-domain disclosure constraints SHALL NOT remove the evidence necessary to validate authority and disposition.,"I, A, T and/or D as consequence requires",PROPOSED,1.1 RC1 or earlier - lineage pending,,,,,,,UNDETERMINED - claim-specific profile matrix required,1.2 WD,AERA-001-1.2WD-20260807.1,Authoritative PDF Appendix A; generated from controlled source
AERA-IF-007,IF,Corrections and withdrawals SHALL supersede rather than erase decision evidence.,"I, A, T and/or D as consequence requires",PROPOSED,1.1 RC1 or earlier - lineage pending,,,,,,,UNDETERMINED - claim-specific profile matrix required,1.2 WD,AERA-001-1.2WD-20260807.1,Authoritative PDF Appendix A; generated from controlled source
AERA-IF-008,IF,Authorization and enforcement objects SHALL use the same canonical action and target representation.,"I, A, T and/or D as consequence requires",PROPOSED,1.1 RC1 or earlier - lineage pending,,,,,,,UNDETERMINED - claim-specific profile matrix required,1.2 WD,AERA-001-1.2WD-20260807.1,Authoritative PDF Appendix A; generated from controlled source
AERA-IF-009,IF,Interface failures SHALL invoke a defined non-permit or degraded behavior.,"I, A, T and/or D as consequence requires",PROPOSED,1.1 RC1 or earlier - lineage pending,,,,,,,UNDETERMINED - claim-specific profile matrix required,1.2 WD,AERA-001-1.2WD-20260807.1,Authoritative PDF Appendix A; generated from controlled source
AERA-IF-010,IF,"Interoperability tests SHALL include version mismatch, stale object, replay and material-substitution cases.","I, A, T and/or D as consequence requires",PROPOSED,1.1 RC1 or earlier - lineage pending,,,,,,,UNDETERMINED - claim-specific profile matrix required,1.2 WD,AERA-001-1.2WD-20260807.1,Authoritative PDF Appendix A; generated from controlled source
AERA-INT-001,INT,"Intent authorizing an effect SHALL be versioned, attributable, integrity-protected, temporally valid, and machine-testable for objectives, constraints, success, prohibitions, and stops.","I, T",PROPOSED,1.1 RC1 or earlier - lineage pending,,,,,,,UNDETERMINED - claim-specific profile matrix required,1.2 WD,AERA-001-1.2WD-20260807.1,Authoritative PDF Appendix A; generated from controlled source
AERA-INT-002,INT,The implementation SHALL detect material objective/constraint/authority/policy conflicts and resolve by declared precedence or escalate; it SHALL NOT silently optimize unresolved conflict.,"A, T",PROPOSED,1.1 RC1 or earlier - lineage pending,,,,,,,UNDETERMINED - claim-specific profile matrix required,1.2 WD,AERA-001-1.2WD-20260807.1,Authoritative PDF Appendix A; generated from controlled source
AERA-LRN-001,LRN,"Behavior-changing model, prompt, memory, retrieval, policy, tool, data, orchestration, or equivalent artifacts SHALL be versioned, impact-analyzed, evaluated, approved, observable, and reversible before production authority.","I, T",PROPOSED,1.1 RC1 or earlier - lineage pending,,,,,,,UNDETERMINED - claim-specific profile matrix required,1.2 WD,AERA-001-1.2WD-20260807.1,Authoritative PDF Appendix A; generated from controlled source
AERA-LRN-002,LRN,"Learning/planning/adaptation SHALL NOT increase authority, consequence, targets, tools, data rights, validity, or subdelegation except through separate attributable governance and authorization.","A, T",PROPOSED,1.1 RC1 or earlier - lineage pending,,,,,,,UNDETERMINED - claim-specific profile matrix required,1.2 WD,AERA-001-1.2WD-20260807.1,Authoritative PDF Appendix A; generated from controlled source
AERA-MAT-001,MAT,"A maturity claim SHALL identify its decision population, consequence scope, dependencies, exclusions and assessment date.","I, A, T and/or D as consequence requires",PROPOSED,1.1 RC1 or earlier - lineage pending,,,,,,,UNDETERMINED - claim-specific profile matrix required,1.2 WD,AERA-001-1.2WD-20260807.1,Authoritative PDF Appendix A; generated from controlled source
AERA-MAT-002,MAT,Assessors SHALL score demonstrated operating behavior rather than planned or purchased capability.,"I, A, T and/or D as consequence requires",PROPOSED,1.1 RC1 or earlier - lineage pending,,,,,,,UNDETERMINED - claim-specific profile matrix required,1.2 WD,AERA-001-1.2WD-20260807.1,Authoritative PDF Appendix A; generated from controlled source
AERA-MAT-003,MAT,The reported level SHALL NOT exceed the lowest evidenced level among consequence-material dimensions.,"I, A, T and/or D as consequence requires",PROPOSED,1.1 RC1 or earlier - lineage pending,,,,,,,UNDETERMINED - claim-specific profile matrix required,1.2 WD,AERA-001-1.2WD-20260807.1,Authoritative PDF Appendix A; generated from controlled source
AERA-MAT-004,MAT,Level 3 SHALL require tested-effective evidence for every consequence-material control.,"I, A, T and/or D as consequence requires",PROPOSED,1.1 RC1 or earlier - lineage pending,,,,,,,UNDETERMINED - claim-specific profile matrix required,1.2 WD,AERA-001-1.2WD-20260807.1,Authoritative PDF Appendix A; generated from controlled source
AERA-MAT-005,MAT,Levels 4 and 5 SHALL require sustained-effective evidence for the operating behavior claimed.,"I, A, T and/or D as consequence requires",PROPOSED,1.1 RC1 or earlier - lineage pending,,,,,,,UNDETERMINED - claim-specific profile matrix required,1.2 WD,AERA-001-1.2WD-20260807.1,Authoritative PDF Appendix A; generated from controlled source
AERA-MAT-006,MAT,"Adverse results, workarounds, overrides and unresolved anomalies SHALL remain in the evidence package.","I, A, T and/or D as consequence requires",PROPOSED,1.1 RC1 or earlier - lineage pending,,,,,,,UNDETERMINED - claim-specific profile matrix required,1.2 WD,AERA-001-1.2WD-20260807.1,Authoritative PDF Appendix A; generated from controlled source
AERA-MAT-007,MAT,Promotion thresholds SHALL be declared before formal assessment.,"I, A, T and/or D as consequence requires",PROPOSED,1.1 RC1 or earlier - lineage pending,,,,,,,UNDETERMINED - claim-specific profile matrix required,1.2 WD,AERA-001-1.2WD-20260807.1,Authoritative PDF Appendix A; generated from controlled source
AERA-MAT-008,MAT,Material change SHALL trigger impact analysis and reassessment of affected dimension scores.,"I, A, T and/or D as consequence requires",PROPOSED,1.1 RC1 or earlier - lineage pending,,,,,,,UNDETERMINED - claim-specific profile matrix required,1.2 WD,AERA-001-1.2WD-20260807.1,Authoritative PDF Appendix A; generated from controlled source
AERA-MAT-009,MAT,"A SUSTAINED EFFECTIVE evidence claim SHALL identify the minimum observation interval, operating exposure, event and consequence coverage, change history, adverse results, and rationale for representativeness before assessment begins.","I, A",PROPOSED,1.1 RC1 or earlier - lineage pending,,,,,,,UNDETERMINED - claim-specific profile matrix required,1.2 WD,AERA-001-1.2WD-20260807.1,Authoritative PDF Appendix A; generated from controlled source
AERA-PNT-001,PNT,"Each decision-relevant time or position claim SHALL identify its contributing sources, distribution or derivation path, reference time scale or coordinate frame as applicable, observation time, uncertainty, integrity state, required traceability, valid interval, and degraded-state behavior.","I, A, T",PROPOSED,1.1 RC1 or earlier - lineage pending,,,,,,,UNDETERMINED - claim-specific profile matrix required,1.2 WD,AERA-001-1.2WD-20260807.1,Authoritative PDF Appendix A; generated from controlled source
AERA-PNT-002,PNT,"PNT reporting and decision logic SHALL distinguish PRESENT, MONITORED, ACCEPTED, and USED IN SOLUTION for each source and SHALL NOT treat those states as interchangeable.","I, T",PROPOSED,1.1 RC1 or earlier - lineage pending,,,,,,,UNDETERMINED - claim-specific profile matrix required,1.2 WD,AERA-001-1.2WD-20260807.1,Authoritative PDF Appendix A; generated from controlled source
AERA-PNT-003,PNT,"Each decision contract that depends on time, order, freshness, synchronization, or position SHALL define and enforce bounds for evidence age, event order, time or position uncertainty, authority and policy expiration tolerance, holdover, and behavior when any bound is exceeded.","I, A, T",PROPOSED,1.1 RC1 or earlier - lineage pending,,,,,,,UNDETERMINED - claim-specific profile matrix required,1.2 WD,AERA-001-1.2WD-20260807.1,Authoritative PDF Appendix A; generated from controlled source
AERA-PNT-004,PNT,"High-consequence PNT-dependent classes SHALL analyze/test common-mode failures and define acceptable alternate, holdover, local, or no-service state.","A, T",PROPOSED,1.1 RC1 or earlier - lineage pending,,,,,,,UNDETERMINED - claim-specific profile matrix required,1.2 WD,AERA-001-1.2WD-20260807.1,Authoritative PDF Appendix A; generated from controlled source
AERA-PR-001,PR,"For each autonomous decision class, the organization SHALL designate an accountable human or governing body that retains responsibility for mission legitimacy, delegated authority, residual-risk acceptance, suspension, and reassessment.","I, D",PROPOSED,1.1 RC1 or earlier - lineage pending,,,,,,,UNDETERMINED - claim-specific profile matrix required,1.2 WD,AERA-001-1.2WD-20260807.1,Authoritative PDF Appendix A; generated from controlled source
AERA-PR-002,PR,"An autonomous actor SHALL exercise only decision rights contained in a current, attributable, revocable delegation whose scope includes the actor, action, target, purpose, context, consequence ceiling, and validity interval.","I, T",PROPOSED,1.1 RC1 or earlier - lineage pending,,,,,,,UNDETERMINED - claim-specific profile matrix required,1.2 WD,AERA-001-1.2WD-20260807.1,Authoritative PDF Appendix A; generated from controlled source
AERA-PR-003,PR,"A model output SHALL NOT authorize a material effect unless the applicable authority, evidence, policy, consequence, temporal-validity, and recovery predicates are satisfied and an enforcement point accepts a current authorization artifact bound to the transaction.","A, T",PROPOSED,1.1 RC1 or earlier - lineage pending,,,,,,,UNDETERMINED - claim-specific profile matrix required,1.2 WD,AERA-001-1.2WD-20260807.1,Authoritative PDF Appendix A; generated from controlled source
AERA-PR-004,PR,"If an optimization objective conflicts with current operational intent, law, policy, or an applicable prohibition, the implementation SHALL apply the declared precedence rules; unresolved conflict SHALL produce a non-permit disposition.","I, T",PROPOSED,1.1 RC1 or earlier - lineage pending,,,,,,,UNDETERMINED - claim-specific profile matrix required,1.2 WD,AERA-001-1.2WD-20260807.1,Authoritative PDF Appendix A; generated from controlled source
AERA-PR-005,PR,"Each AERA layer and decision-relevant interface SHALL identify the identity, authorization, evidence-integrity, communications-security, resilience, logging, and recovery properties that it provides, requires, and verifies; allocation of a property to one layer SHALL NOT imply that another layer inherits it without validation.","I, A",PROPOSED,1.1 RC1 or earlier - lineage pending,,,,,,,UNDETERMINED - claim-specific profile matrix required,1.2 WD,AERA-001-1.2WD-20260807.1,Authoritative PDF Appendix A; generated from controlled source
AERA-PR-006,PR,"The DAF SHALL re-evaluate affected assurance claims before further effect whenever a policy-defined material change occurs in evidence, context, threat state, actor or system state, temporal state, or recovery readiness.","I, T",PROPOSED,1.1 RC1 or earlier - lineage pending,,,,,,,UNDETERMINED - claim-specific profile matrix required,1.2 WD,AERA-001-1.2WD-20260807.1,Authoritative PDF Appendix A; generated from controlled source
AERA-PR-007,PR,"Before authorizing a proposal that can exceed a validated recovery envelope, the accountable authority SHALL either prohibit the proposal or approve a consequence-specific control set that includes narrower enforceable bounds, additional independent prevention or inhibition, effect observation, and explicit residual-risk acceptance.","I, A, T",PROPOSED,1.1 RC1 or earlier - lineage pending,,,,,,,UNDETERMINED - claim-specific profile matrix required,1.2 WD,AERA-001-1.2WD-20260807.1,Authoritative PDF Appendix A; generated from controlled source
AERA-PR-008,PR,"Before a behavior-changing model, prompt, memory, retrieval source, policy, data set, tool, dependency, threshold, or orchestration artifact is used under production authority, the organization SHALL version and provenance-bind the artifact, analyze its impact, test and approve it, make its use observable, and provide a tested rollback or safe-replacement path.","I, T, D",PROPOSED,1.1 RC1 or earlier - lineage pending,,,,,,,UNDETERMINED - claim-specific profile matrix required,1.2 WD,AERA-001-1.2WD-20260807.1,Authoritative PDF Appendix A; generated from controlled source
AERA-PR-009,PR,"Each decision contract SHALL specify and enforce maximum evidence age, event-order and synchronization tolerances, time or position uncertainty bounds as applicable, and the disposition to use when a temporal bound is exceeded.","I, A, T",PROPOSED,1.1 RC1 or earlier - lineage pending,,,,,,,UNDETERMINED - claim-specific profile matrix required,1.2 WD,AERA-001-1.2WD-20260807.1,Authoritative PDF Appendix A; generated from controlled source
AERA-PR-010,PR,"The minimum control floor for a decision class SHALL be selected from its worst credible consequence and SHALL NOT be reduced on the basis of model type, implementation brand, vendor assertion, or claimed technical sophistication.","I, A",PROPOSED,1.1 RC1 or earlier - lineage pending,,,,,,,UNDETERMINED - claim-specific profile matrix required,1.2 WD,AERA-001-1.2WD-20260807.1,Authoritative PDF Appendix A; generated from controlled source
AERA-PR-011,PR,"For each CC-3 or CC-4 decision class, evidence or controls relied upon as independent SHALL have documented source, method, controller, administration, provider, software, network, power, supply-chain, and time-reference failure domains; correlated items SHALL NOT be counted as independent without an approved rationale and compensating controls.","I, A, T",PROPOSED,1.1 RC1 or earlier - lineage pending,,,,,,,UNDETERMINED - claim-specific profile matrix required,1.2 WD,AERA-001-1.2WD-20260807.1,Authoritative PDF Appendix A; generated from controlled source
AERA-PR-012,PR,"For every material decision transaction, the implementation SHALL retain a tamper-evident causal record that identifies who or what proposed, authorized, enforced, observed, overrode, or recovered the action; the evidence and policy used; the authorization and validity; and the observed result.","I, T, D",PROPOSED,1.1 RC1 or earlier - lineage pending,,,,,,,UNDETERMINED - claim-specific profile matrix required,1.2 WD,AERA-001-1.2WD-20260807.1,Authoritative PDF Appendix A; generated from controlled source
AERA-Q-001,Q,"A quantum-enabled decision service SHALL identify capability class, role/boundary, readiness, classical baseline, measured mission advantage, error/uncertainty, security assumptions, cost/dependencies, and exit criteria.","I, A, T",PROPOSED,1.1 RC1 or earlier - lineage pending,,,,,,,UNDETERMINED - claim-specific profile matrix required,1.2 WD,AERA-001-1.2WD-20260807.1,Authoritative PDF Appendix A; generated from controlled source
AERA-Q-002,Q,"A quantum-enabled service SHALL retain authenticated classical control, monitoring, and audit and provide validated classical fallback or explicit no-service state before material-effect use.","A, T",PROPOSED,1.1 RC1 or earlier - lineage pending,,,,,,,UNDETERMINED - claim-specific profile matrix required,1.2 WD,AERA-001-1.2WD-20260807.1,Authoritative PDF Appendix A; generated from controlled source
AERA-REC-001,REC,"Each material class SHALL define states, resources, authority, time bounds, irreversibility, and actions for arrest, containment, reversal, compensation, or manual transfer.","I, A",PROPOSED,1.1 RC1 or earlier - lineage pending,,,,,,,UNDETERMINED - claim-specific profile matrix required,1.2 WD,AERA-001-1.2WD-20260807.1,Authoritative PDF Appendix A; generated from controlled source
AERA-REC-002,REC,"Recovery, revocation, manual takeover, and state reconciliation SHALL be tested before production and after material change under credible fault/adversary conditions.","T, D",PROPOSED,1.1 RC1 or earlier - lineage pending,,,,,,,UNDETERMINED - claim-specific profile matrix required,1.2 WD,AERA-001-1.2WD-20260807.1,Authoritative PDF Appendix A; generated from controlled source
AERA-REC-003,REC,Command issue/acknowledgment SHALL NOT prove effect; obtain consequence-appropriate effect evidence or mark unverified and inhibit dependent autonomous actions.,"A, T",PROPOSED,1.1 RC1 or earlier - lineage pending,,,,,,,UNDETERMINED - claim-specific profile matrix required,1.2 WD,AERA-001-1.2WD-20260807.1,Authoritative PDF Appendix A; generated from controlled source
AERA-THEORY-001,THEORY,Every autonomous action SHALL resolve to a valid authority delegation.,"I, A, T and/or D as consequence requires",PROPOSED,1.1 RC1 or earlier - lineage pending,,,,,,,UNDETERMINED - claim-specific profile matrix required,1.2 WD,AERA-001-1.2WD-20260807.1,Authoritative PDF Appendix A; generated from controlled source
AERA-THEORY-002,THEORY,Decision evaluation SHALL consider material cumulative effects when actions compose.,"I, A, T and/or D as consequence requires",PROPOSED,1.1 RC1 or earlier - lineage pending,,,,,,,UNDETERMINED - claim-specific profile matrix required,1.2 WD,AERA-001-1.2WD-20260807.1,Authoritative PDF Appendix A; generated from controlled source
AERA-THEORY-003,THEORY,Each decision class SHALL have an accountable human owner.,"I, A, T and/or D as consequence requires",PROPOSED,1.1 RC1 or earlier - lineage pending,,,,,,,UNDETERMINED - claim-specific profile matrix required,1.2 WD,AERA-001-1.2WD-20260807.1,Authoritative PDF Appendix A; generated from controlled source
AERA-THR-001,THR,"When an authenticated evidence source can remain credential-valid after compromise, the implementation SHALL apply consequence-appropriate challenge, corroboration, or plausibility analysis before relying on that source for a material effect.","A, T",PROPOSED,1.1 RC1 or earlier - lineage pending,,,,,,,UNDETERMINED - claim-specific profile matrix required,1.2 WD,AERA-001-1.2WD-20260807.1,Authoritative PDF Appendix A; generated from controlled source
AERA-THR-002,THR,"Each cross-domain or delegated service hop SHALL preserve and validate the original initiator, delegation chain, purpose, consequence context, and requested effect before exercising target-domain authority.","I, A, T",PROPOSED,1.1 RC1 or earlier - lineage pending,,,,,,,UNDETERMINED - claim-specific profile matrix required,1.2 WD,AERA-001-1.2WD-20260807.1,Authoritative PDF Appendix A; generated from controlled source
AERA-THR-003,THR,"The Decision Assurance Fabric SHALL define capacity objectives and saturation thresholds, detect bypass and denial-of-assurance conditions, and invoke consequence-specific throttling or non-permit behavior before overload can become implicit authorization.","I, A, T",PROPOSED,1.1 RC1 or earlier - lineage pending,,,,,,,UNDETERMINED - claim-specific profile matrix required,1.2 WD,AERA-001-1.2WD-20260807.1,Authoritative PDF Appendix A; generated from controlled source
AERA-THR-004,THR,"Distributed enforcement points SHALL use monotonic policy and state updates, acknowledgement, deduplication, idempotent effect semantics, and distributed use accounting where duplicate or reordered execution could create a material effect.","I, A, T",PROPOSED,1.1 RC1 or earlier - lineage pending,,,,,,,UNDETERMINED - claim-specific profile matrix required,1.2 WD,AERA-001-1.2WD-20260807.1,Authoritative PDF Appendix A; generated from controlled source
AERA-THR-005,THR,"Audit evidence for high-consequence decision classes SHALL use independent replication or an equivalent survivability mechanism and SHALL detect omission, deletion, reordering, retiming, or incomplete causal chains.","I, A, T",PROPOSED,1.1 RC1 or earlier - lineage pending,,,,,,,UNDETERMINED - claim-specific profile matrix required,1.2 WD,AERA-001-1.2WD-20260807.1,Authoritative PDF Appendix A; generated from controlled source
AERA-THR-006,THR,"Human-oversight mechanisms SHALL define workload limits, consequence-prioritized queues, review-time and usability criteria, saturation detection, safe throttling, and timeout behavior that cannot convert absent review into permission.","I, A, T, D",PROPOSED,1.1 RC1 or earlier - lineage pending,,,,,,,UNDETERMINED - claim-specific profile matrix required,1.2 WD,AERA-001-1.2WD-20260807.1,Authoritative PDF Appendix A; generated from controlled source
AERA-VV-001,VV,"Before formal validation begins, the accountable validation authority SHALL approve the decision class, configurations, operating environments, acceptance criteria, measures, uncertainty treatment, thresholds, failure conditions, and required evidence.",I,PROPOSED,1.1 RC1 or earlier - lineage pending,,,,,,,UNDETERMINED - claim-specific profile matrix required,1.2 WD,AERA-001-1.2WD-20260807.1,Authoritative PDF Appendix A; generated from controlled source
AERA-VV-002,VV,"Validation of each material decision class SHALL include all applicable representative, boundary, adversarial, degraded, partitioned, common-mode, contradictory or stale evidence, identity, authority, policy, PNT, communications, tool or model, enforcement-bypass, recovery, and rollback conditions.","I, T",PROPOSED,1.1 RC1 or earlier - lineage pending,,,,,,,UNDETERMINED - claim-specific profile matrix required,1.2 WD,AERA-001-1.2WD-20260807.1,Authoritative PDF Appendix A; generated from controlled source
AERA-VV-003,VV,"Each CC-3 or CC-4 decision class SHALL maintain a configuration-bound assurance case that states the top claim, scope and context, assumptions, argument, subclaims, evidence, rebuttals, limitations, residual risk, validity, monitoring, and reassessment triggers.","I, A",PROPOSED,1.1 RC1 or earlier - lineage pending,,,,,,,UNDETERMINED - claim-specific profile matrix required,1.2 WD,AERA-001-1.2WD-20260807.1,Authoritative PDF Appendix A; generated from controlled source
AERA-VV-004,VV,The accountable authority SHALL approve the assurance case for each CC-3 or CC-4 decision class before production authority is granted and after any material change that invalidates a claim or item of evidence.,"I, A",PROPOSED,1.1 RC1 or earlier - lineage pending,,,,,,,UNDETERMINED - claim-specific profile matrix required,1.2 WD,AERA-001-1.2WD-20260807.1,Authoritative PDF Appendix A; generated from controlled source
AERA-VV-005,VV,"Each formal test SHALL define a decision oracle, expected result, tolerance, treatment of indeterminate outcomes, and defect-disposition rule before execution.","I, A",PROPOSED,1.1 RC1 or earlier - lineage pending,,,,,,,UNDETERMINED - claim-specific profile matrix required,1.2 WD,AERA-001-1.2WD-20260807.1,Authoritative PDF Appendix A; generated from controlled source
AERA-VV-006,VV,"A validation campaign SHALL predeclare coverage, sampling basis, sample size or stopping rule, statistical or epistemic uncertainty treatment, environment and configuration, and limits on inference to the claimed decision population.","I, A, T",PROPOSED,1.1 RC1 or earlier - lineage pending,,,,,,,UNDETERMINED - claim-specific profile matrix required,1.2 WD,AERA-001-1.2WD-20260807.1,Authoritative PDF Appendix A; generated from controlled source
AERA-VV-007,VV,Each active normative requirement SHALL reference at least one profile- and consequence-specific verification procedure; a requirement lacking an approved procedure or sufficient current evidence SHALL be assessed INDETERMINATE rather than SATISFIED.,"I, A",PROPOSED,1.2 WD,,,,,,,UNDETERMINED - claim-specific profile matrix required,1.2 WD,AERA-001-1.2WD-20260807.1,Authoritative PDF Appendix A; generated from controlled source
AERA-XW-001,XW,"Every external mapping SHALL identify the official source, publication status, version or release, access date, and mapping direction.",Crosswalk metadata; source register; sampled URL and version verification.,PROPOSED,1.1 RC1 or earlier - lineage pending,,,,,,,UNDETERMINED - claim-specific profile matrix required,1.2 WD,AERA-001-1.2WD-20260807.1,Authoritative PDF Appendix A; generated from controlled source
AERA-XW-002,XW,"An AERA conformance claim SHALL NOT be inferred from external certification, authorization, maturity, or framework alignment, and an AERA assessment SHALL NOT be represented as satisfying an external obligation without an independent assessment against that source.",Claim-language review; assessment scope; communications approval.,PROPOSED,1.1 RC1 or earlier - lineage pending,,,,,,,UNDETERMINED - claim-specific profile matrix required,1.2 WD,AERA-001-1.2WD-20260807.1,Authoritative PDF Appendix A; generated from controlled source
AERA-XW-003,XW,"External evidence SHALL be reused only when the asset, decision class, control implementation, operating context, assessment period, evidence integrity, and assurance level are shown to match the AERA claim.",Evidence-reuse determination; scope comparison; assessor approval.,PROPOSED,1.1 RC1 or earlier - lineage pending,,,,,,,UNDETERMINED - claim-specific profile matrix required,1.2 WD,AERA-001-1.2WD-20260807.1,Authoritative PDF Appendix A; generated from controlled source
AERA-XW-004,XW,"Mappings SHALL be reviewed when AERA changes, an external source is revised or superseded, applicable law or policy changes, or operational evidence reveals a semantic gap.",Change-monitoring record; mapping review log; retired mapping history.,PROPOSED,1.1 RC1 or earlier - lineage pending,,,,,,,UNDETERMINED - claim-specific profile matrix required,1.2 WD,AERA-001-1.2WD-20260807.1,Authoritative PDF Appendix A; generated from controlled source
